Model,Accuracy,Precision,Recall,ROC-AUC
Logistic Regression,0.8147622427253371,0.6818181818181818,0.5630026809651475,0.8605936940387342
Random Forest,0.7927608232789212,0.6451612903225806,0.48257372654155495,0.839047636299647
